{
  "model_version": "mobileclip-s1-probe-v1",
  "dim": 512,
  "person": {
    "w": [
      1.3755114,
      -2.8254251,
      2.1137,
      2.5410151,
      -1.2238717,
      3.0230827,
      2.1258142,
      1.6305562,
      1.8991327,
      -0.44321647,
      -2.1208014,
      -0.4673373,
      -0.23096469,
      0.31575546,
      0.55644226,
      -7.477728,
      -0.33289462,
      1.5143905,
      2.5748854,
      -3.0194979,
      -0.6166908,
      0.3936385,
      -3.0627553,
      -0.8690574,
      -4.1338,
      -0.18940659,
      2.5608337,
      1.7498659,
      -1.7108533,
      -2.1117263,
      -0.6076535,
      -0.49035963,
      -1.2517678,
      1.8177392,
      0.30105758,
      -0.586978,
      0.36027664,
      -0.6580353,
      -1.1431581,
      0.9054053,
      -0.8640207,
      1.5465771,
      1.0452806,
      5.5337257,
      0.31328967,
      0.1983078,
      -1.1178495,
      2.5246089,
      0.20890094,
      1.3545485,
      0.48663458,
      -4.433079,
      -5.70625,
      -5.1348424,
      3.8622708,
      -0.7670662,
      1.5561689,
      -0.4068152,
      0.59490573,
      -5.435518,
      1.953436,
      -0.62406194,
      -4.5463285,
      -0.89460695,
      -0.06690005,
      -1.5908445,
      -0.27173212,
      -1.4024675,
      -1.6901964,
      -2.016189,
      -0.43521035,
      -1.3724564,
      0.5403213,
      -2.5939882,
      0.76481086,
      0.15924217,
      0.5777432,
      -0.38486806,
      0.46397406,
      0.36805353,
      0.7176426,
      0.34856245,
      3.472634,
      0.291715,
      1.3808306,
      2.3680356,
      0.116895385,
      2.1658623,
      -0.19523023,
      -4.455001,
      2.9484918,
      1.2222846,
      1.3201082,
      0.0931129,
      -2.5824065,
      -3.1694546,
      -4.273624,
      -0.8551661,
      1.2245643,
      0.276482,
      0.17870314,
      0.87630916,
      0.67767924,
      -2.3678615,
      -0.66616344,
      0.18088263,
      -3.995073,
      0.13075909,
      -2.7528641,
      0.07089727,
      -0.809245,
      -0.51630765,
      -1.988451,
      -1.8413633,
      3.3905063,
      0.7275434,
      -3.6848378,
      5.237318,
      -1.5231192,
      -2.0925343,
      -1.1503505,
      1.4077687,
      3.1138546,
      0.55673903,
      2.3573048,
      -0.56581444,
      -0.09677413,
      -7.198363,
      1.3322563,
      -2.030321,
      -0.3186327,
      0.5506178,
      3.2103693,
      -1.6287873,
      -1.2904301,
      -0.29338673,
      -2.9186394,
      -2.6768653,
      0.6466306,
      3.859426,
      -1.7573187,
      3.5603209,
      -0.68371564,
      0.66602975,
      -0.06541427,
      0.3211032,
      2.9221292,
      -4.2346334,
      -1.0920668,
      -4.992579,
      -5.734854,
      0.6746375,
      -1.5934793,
      2.289642,
      0.8208896,
      1.9334885,
      2.0293074,
      5.504639,
      2.024141,
      1.8474063,
      0.28038153,
      2.4333804,
      -0.27545992,
      -2.2623324,
      -2.6867063,
      -4.2117324,
      4.670181,
      0.3399568,
      -1.0496178,
      -0.30079475,
      -0.034128938,
      1.0045831,
      -0.36859977,
      3.5728667,
      -1.640693,
      2.1459012,
      -1.8970708,
      2.1427104,
      4.8522596,
      -0.8601519,
      -2.1169453,
      0.31725347,
      -0.73041815,
      -0.015402987,
      -0.15472053,
      -0.4625326,
      -0.50576866,
      -3.7360985,
      -0.18665062,
      -1.590213,
      1.2237252,
      0.5640508,
      -0.8453492,
      -0.6787772,
      -0.8345529,
      -2.070334,
      1.217328,
      2.5114698,
      1.4510494,
      0.6676995,
      1.2990686,
      3.3012595,
      1.9558339,
      -0.112250246,
      -2.2546701,
      -2.742771,
      2.2478824,
      2.0218754,
      0.8649002,
      -1.5861231,
      -1.250542,
      -0.3018517,
      0.35149932,
      -4.789607,
      -1.2989941,
      2.128597,
      2.7769735,
      0.950629,
      -1.7515571,
      2.9398096,
      -0.61462826,
      -0.62233686,
      1.0356961,
      -0.3573615,
      0.95995164,
      -0.22993079,
      -1.6078936,
      -0.26670846,
      -3.8792343,
      0.66886437,
      1.8151107,
      -0.5572608,
      1.9929689,
      -3.4593353,
      -0.029082902,
      0.5746088,
      0.50840735,
      0.27513164,
      0.9876099,
      0.33409667,
      3.2986414,
      2.763701,
      -0.6950396,
      1.2192026,
      -1.3353828,
      1.6655221,
      -3.4875865,
      1.0735124,
      -1.2414962,
      -0.33220184,
      -0.16356333,
      0.910271,
      -0.8658639,
      3.3888454,
      -0.18777785,
      -2.0088203,
      -0.011629603,
      1.7349191,
      4.9013734,
      -4.273194,
      -0.77650625,
      -0.81495965,
      -2.266152,
      -0.23092802,
      3.5834155,
      0.82875735,
      5.340211,
      0.8222797,
      -0.332256,
      2.0306282,
      -0.33021402,
      0.37583986,
      -1.1761904,
      0.39071435,
      -1.838987,
      -0.34673265,
      0.28630462,
      -0.9722902,
      -2.377897,
      0.9124309,
      1.4124175,
      -2.0076003,
      -1.2336838,
      -0.13476148,
      -0.06459631,
      1.618059,
      -0.8230189,
      0.04981609,
      1.0310435,
      0.103321716,
      2.314467,
      -2.1622531,
      -1.6740038,
      0.86669093,
      0.57280755,
      0.79180336,
      0.53634655,
      -1.3643452,
      -1.1137319,
      0.20092694,
      0.6966136,
      0.8020087,
      -3.103296,
      0.54413265,
      1.9277633,
      -0.044570953,
      -0.47037065,
      0.77420545,
      -2.3013775,
      -1.1259137,
      -4.8639126,
      0.40900874,
      4.5344625,
      1.1594375,
      -0.8174586,
      2.2828634,
      1.4564317,
      1.0821885,
      1.407604,
      -2.8654046,
      0.45972073,
      -3.1576009,
      -1.9525211,
      -4.7483635,
      -0.86148924,
      -0.617755,
      -1.5747409,
      2.484027,
      -2.2960052,
      1.2027367,
      -2.732951,
      -5.88221,
      -7.538163,
      -0.9312583,
      4.701255,
      0.4791098,
      1.4730732,
      0.024094962,
      1.7531928,
      3.5229478,
      1.2747817,
      -1.0787969,
      -2.1317925,
      -0.36886862,
      -1.4012111,
      1.0138624,
      -1.3527479,
      -0.12292287,
      0.17274815,
      -2.8740287,
      -1.1927516,
      -2.1671348,
      3.2639756,
      3.7812374,
      -0.6543664,
      2.066509,
      3.202066,
      2.5336053,
      0.48442626,
      -2.1385305,
      -1.1007202,
      -0.18283167,
      1.0116936,
      -0.18137982,
      -2.308625,
      -0.04916096,
      -0.019656243,
      -1.3845607,
      -0.81008226,
      -1.4332287,
      0.23847215,
      4.0644135,
      -1.4131702,
      -1.8238368,
      -0.8882005,
      -2.9752855,
      0.63683105,
      1.2402431,
      0.5872148,
      -0.13137376,
      -1.5657269,
      0.2591278,
      -1.986935,
      0.54237807,
      0.6321944,
      -0.5857737,
      6.0334344,
      0.5689462,
      -2.2643802,
      -0.10522327,
      -0.0059881266,
      -1.0196677,
      -0.3215578,
      1.1337075,
      -3.3059504,
      -2.1665337,
      1.1627686,
      -0.23604858,
      -1.7131097,
      1.1784403,
      -1.002766,
      -1.1707817,
      -0.6455385,
      2.3386836,
      -0.23193675,
      -1.8894166,
      -0.8259983,
      0.114964224,
      1.3676461,
      0.1464177,
      -0.5985702,
      0.5312812,
      -0.21128382,
      1.6858639,
      -0.6081793,
      -1.7327025,
      0.42852062,
      2.0740442,
      1.6643895,
      1.8854939,
      0.8343534,
      -1.5634623,
      0.6293791,
      -0.0047058277,
      3.9639053,
      -0.18308952,
      0.7464184,
      1.2412301,
      2.0204973,
      1.4697523,
      -1.5428346,
      0.0029260411,
      1.4776138,
      -1.8860767,
      -1.3502982,
      0.18266653,
      0.6338605,
      -1.451708,
      1.6307303,
      -2.0648346,
      1.3781801,
      -0.50528276,
      -0.49914333,
      -1.0692407,
      -1.5954927,
      2.750514,
      -1.353128,
